{
    "baseline_logistic_regression": {
        "validation": {
            "accuracy": 0.8154761904761905,
            "precision": 0.8057553956834532,
            "recall": 0.7619047619047619,
            "f1": 0.7832167832167832,
            "auc": 0.8827340459993521
        }
    },
    "best_model_name": "XGBoost",
    "best_model": {
        "validation": {
            "accuracy": 0.7976190476190477,
            "precision": 0.7762237762237763,
            "recall": 0.7551020408163265,
            "f1": 0.7655172413793103,
            "auc": 0.88068243170284
        },
        "test": {
            "accuracy": 0.8125,
            "precision": 0.8106508875739645,
            "recall": 0.8154761904761905,
            "f1": 0.8130563798219584,
            "auc": 0.8692956349206349
        }
    }
}